{
    "accuracy": 0.9791666666666666,
    "loss": 0.06656594388186932
}