{
    "accuracy": 0.53125,
    "loss": 5.143436272939046
}