{
    "loss": 0.16968867182731628,
    "accuracy": 0.9895833333333334
}