{
    "accuracy": 0.7445175438596492,
    "Confusion_Matrix": 0.7445175438596492,
    "loss": 0.3650753990207848
}