{
    "accuracy": 0.7428728070175439,
    "Confusion_Matrix": 0.7428728070175439,
    "loss": 0.6658604574438772
}