{
    "loss": 0.6292320978893361, 
    "accuracy": 0.6970119327073553
}