{
    "accuracy": 0.7934322033898306,
    "loss": 0.5276925409749403
}