{
    "accuracy": 0.7865466101694916,
    "loss": 0.7906028944051872
}