{
    "accuracy": 0.7142478813559322,
    "loss": 0.6445384525646598
}