{
    "accuracy": 0.7878707627118644,
    "loss": 0.5464776875609059
}