{
    "loss": 1.2553938627243042,
    "accuracy": 0.53125
}