{
    "loss": 0.08120028177897136,
    "accuracy": 0.9895833333333334
}