{
    "accuracy": 0.7428728070175439,
    "Confusion_Matrix": 0.7428728070175439,
    "loss": 20360.37502088045
}